Nom Commune,Année_y,DPE_A,DPE_B,DPE_C,DPE_D,DPE_E,DPE_F,température maximale_automne,température maximale_hiver,température maximale_printemps,température maximale_été,température minimale_automne,température minimale_hiver,température minimale_printemps,température minimale_été,centile_25,centile_50,centile_75
aix-en-provence,2018,0.0,0.0,0.0,1.0,0.0,0.0,21.7,13.6,21.7,31.7,11.8,2.6,9.6,18.4,9.575,15.8,21.475
aix-en-provence,2019,0.0,0.0,0.0,1.0,0.0,0.0,22.5,14.4,18.6,32.6,12.3,1.6,7.6,18.1,9.35,14.3,21.375
aix-en-provence,2020,0.0,0.0,0.0,1.0,0.0,0.0,19.6,13.6,20.5,32.1,8.4,3.8,7.8,17.5,10.25,13.9,20.375
aix-en-provence,2021,0.0,0.0,0.0,1.0,0.0,0.0,21.4,12.7,17.9,31.1,9.4,1.8,6.1,17.0,9.75,13.25,21.85
aix-en-provence,2022,0.0,0.0,0.0,1.0,0.0,0.0,25.6,13.9,19.5,33.4,13.2,3.4,6.9,18.9,10.0,15.9,21.65
aix-en-provence,2023,0.0,0.0,0.0,1.0,0.0,0.0,24.9,14.1,20.6,32.3,12.6,1.5,7.2,17.8,9.1,15.65,22.2
amboise,2018,0.0,0.0,1.0,0.0,0.0,0.0,19.5,9.2,18.8,28.1,8.6,4.5,8.7,14.8,7.725,13.3,17.95
amboise,2019,0.0,0.0,1.0,0.0,0.0,0.0,17.4,10.7,17.1,28.0,10.8,3.0,5.7,14.2,7.85,12.15,17.700000000000003
amboise,2020,0.0,0.0,1.0,0.0,0.0,0.0,15.8,9.65,20.6,27.4,9.1,4.25,8.6,13.8,8.75,11.9,16.75
amboise,2021,0.0,0.0,1.0,0.0,0.0,0.0,21.05,9.3,16.45,24.5,10.399999999999999,4.1,3.8,14.25,7.3,12.1,18.5
amboise,2022,0.0,0.0,1.0,0.0,0.0,0.0,21.0,7.8,17.1,29.7,11.5,3.3,6.2,14.8,9.1,13.75,17.825
amboise,2023,0.0,0.0,1.0,0.0,0.0,0.0,20.6,10.2,15.9,26.4,10.5,4.1,6.2,14.9,8.825,12.8,19.975
angers,2018,0.0,0.0,0.6363636363636364,0.18181818181818182,0.18181818181818182,0.0,19.4,10.7,18.8,28.1,9.7,6.1,9.4,15.8,8.625,13.85,18.925
angers,2019,0.0,0.0,0.6363636363636364,0.18181818181818182,0.18181818181818182,0.0,18.3,11.1,17.7,27.1,11.6,3.6,6.9,15.3,8.375,13.1,18.25
angers,2020,0.0,0.0,0.6363636363636364,0.18181818181818182,0.18181818181818182,0.0,16.6,11.0,21.1,27.1,9.9,5.2,9.6,14.6,9.6,13.8,18.05
angers,2021,0.0,0.0,0.6363636363636364,0.18181818181818182,0.18181818181818182,0.0,18.9,10.3,17.3,25.1,8.9,5.0,5.2,14.4,7.800000000000001,12.2,18.95
angers,2022,0.0,0.0,0.6363636363636364,0.18181818181818182,0.18181818181818182,0.0,21.7,9.0,18.1,30.2,12.8,3.9,7.4,16.2,10.1,14.5,18.25
angers,2023,0.0,0.0,0.6363636363636364,0.18181818181818182,0.18181818181818182,0.0,21.2,11.3,16.9,26.3,11.4,4.9,7.5,16.0,9.75,13.65,20.475
annecy,2018,0.0,0.0,0.0,0.5217391304347826,0.2608695652173913,0.21739130434782608,18.950000000000003,7.85,20.35,28.65,6.8,1.55,6.699999999999999,15.100000000000001,4.875,12.55,18.375
annecy,2019,0.0,0.0,0.0,0.5217391304347826,0.2608695652173913,0.21739130434782608,18.049999999999997,8.8,16.55,27.65,8.8,-1.7,4.05,14.3,5.425,11.2,17.700000000000003
annecy,2020,0.0,0.0,0.0,0.5217391304347826,0.2608695652173913,0.21739130434782608,15.0,8.55,20.799999999999997,28.4,6.4,0.8500000000000001,5.4,14.75,6.225,11.45,17.275
annecy,2021,0.0,0.0,0.0,0.5217391304347826,0.2608695652173913,0.21739130434782608,17.3,5.55,15.55,25.85,5.4,-0.30000000000000004,3.15,14.2,5.625,9.95,17.65
annecy,2022,0.0,0.0,0.0,0.5217391304347826,0.2608695652173913,0.21739130434782608,21.25,7.65,16.75,30.35,10.149999999999999,0.2,4.699999999999999,15.25,6.7250000000000005,12.65,18.675
annecy,2023,0.0,0.0,0.0,0.5217391304347826,0.2608695652173913,0.21739130434782608,19.950000000000003,8.600000000000001,15.2,28.9,9.45,0.0,4.949999999999999,15.6,5.9,11.8,19.55
antibes,2018,0.0,0.0,0.0,1.0,0.0,0.0,23.0,14.7,19.5,29.6,13.1,5.3,10.3,19.7,10.275,16.3,22.025
antibes,2019,0.0,0.0,0.0,1.0,0.0,0.0,22.9,16.0,18.1,30.65,13.7,6.4,8.2,20.3,11.75,17.8,22.35
antibes,2020,0.0,0.0,0.0,1.0,0.0,0.0,20.5,14.9,19.7,29.7,10.8,5.0,8.8,19.6,11.0,14.95,21.200000000000003
antibes,2021,0.0,0.0,0.0,1.0,0.0,0.0,22.3,14.8,18.0,29.5,11.7,4.9,7.9,18.7,10.8,14.7,22.200000000000003
antibes,2022,0.0,0.0,0.0,1.0,0.0,0.0,23.8,14.9,19.3,31.3,14.1,5.9,8.8,21.4,10.85,16.15,22.7
antibes,2023,0.0,0.0,0.0,1.0,0.0,0.0,24.3,14.6,20.3,30.6,14.7,4.5,9.1,19.5,11.475,16.55,22.85
argenton-sur-creuse,2018,0.0,0.0,0.0,1.0,0.0,0.0,19.4,9.9,19.2,28.6,8.3,4.3,8.2,15.0,7.8,13.3,18.475
argenton-sur-creuse,2019,0.0,0.0,0.0,1.0,0.0,0.0,,5.2,,,,0.8,,,2.5,2.5,2.5
arras,2018,0.0,0.0,0.0,1.0,0.0,0.0,17.4,8.6,17.4,24.6,7.1,3.8,7.6,13.7,6.05,12.1,15.575
arras,2019,0.0,0.0,0.0,1.0,0.0,0.0,15.3,8.7,15.6,25.1,9.6,1.9,5.1,12.4,6.7,10.8,15.725
arras,2020,0.0,0.0,0.0,1.0,0.0,0.0,14.6,8.3,19.1,24.0,8.7,4.0,5.3,11.9,7.2,11.8,16.4
arras,2021,0.0,0.0,0.0,1.0,0.0,0.0,15.7,8.1,12.7,22.7,7.2,2.2,3.0,12.6,6.425,9.1,16.650000000000002
arras,2022,0.0,0.0,0.0,1.0,0.0,0.0,18.5,7.2,15.7,26.6,10.3,1.8,5.0,12.0,7.824999999999999,12.15,15.575
arras,2023,0.0,0.0,0.0,1.0,0.0,0.0,18.2,9.2,13.2,23.6,10.0,3.3,4.8,13.0,7.65,10.95,17.9
aubenas,2018,0.0,0.0,1.0,0.0,0.0,0.0,20.8,12.4,20.9,31.2,10.4,1.9,7.9,17.0,8.075,14.55,20.675
aubenas,2019,0.0,0.0,1.0,0.0,0.0,0.0,21.3,12.9,18.1,33.1,10.4,1.2,5.8,16.9,7.675000000000001,13.65,20.725
aubenas,2020,0.0,0.0,1.0,0.0,0.0,0.0,18.1,11.9,21.4,32.3,7.7,2.2,6.4,16.7,9.05,12.85,19.8
aubenas,2021,0.0,0.0,1.0,0.0,0.0,0.0,19.5,11.3,17.7,28.9,6.6,0.8,4.6,14.9,7.975,12.0,19.975
aubenas,2022,0.0,0.0,1.0,0.0,0.0,0.0,23.3,11.7,19.7,33.4,11.0,1.5,5.5,17.5,8.45,14.65,20.85
aubenas,2023,0.0,0.0,1.0,0.0,0.0,0.0,23.2,12.9,19.8,31.7,10.4,1.1,5.5,16.6,8.25,14.35,20.625
aurillac,2018,0.0,0.0,0.0,0.0,1.0,0.0,18.4,8.7,17.1,26.6,6.8,2.2,6.4,13.3,5.625,11.75,17.075
aurillac,2019,0.0,0.0,0.0,0.0,1.0,0.0,16.9,10.1,14.3,26.4,8.9,0.3,3.3,12.2,6.0,9.7,16.6
aurillac,2020,0.0,0.0,0.0,0.0,1.0,0.0,14.5,7.7,17.8,26.8,6.35,1.85,6.8,11.9,6.275,9.45,15.075
aurillac,2021,0.0,0.0,0.0,0.0,1.0,0.0,17.049999999999997,10.25,14.5,23.200000000000003,5.55,1.25,3.1500000000000004,12.45,6.1,9.55,16.775
aurillac,2022,0.0,0.0,0.0,0.0,1.0,0.0,20.8,9.45,14.7,29.0,10.149999999999999,1.0,4.7,14.1,7.175,12.35,17.35
aurillac,2023,0.0,0.0,0.0,0.0,1.0,0.0,20.35,9.05,15.05,25.65,9.350000000000001,0.09999999999999999,4.5,13.6,6.2,11.4,18.675
avignon,2018,0.0,0.0,0.0,1.0,0.0,0.0,20.7,12.0,22.0,31.8,11.6,2.2,8.9,18.3,9.925,15.55,21.35
avignon,2019,0.0,0.0,0.0,1.0,0.0,0.0,22.7,13.5,19.0,33.0,11.4,2.0,6.6,17.8,9.2,14.65,21.4
avignon,2020,0.0,0.0,0.0,1.0,0.0,0.0,19.4,12.4,21.4,32.7,8.8,3.3,6.8,17.7,10.375,13.9,20.7
avignon,2021,0.0,0.0,0.0,1.0,0.0,0.0,20.5,11.0,18.8,30.9,9.0,1.6,5.8,17.2,9.15,13.3,21.5
avignon,2022,0.0,0.0,0.0,1.0,0.0,0.0,25.0,12.0,20.2,33.6,12.2,3.3,6.7,19.9,9.65,15.75,21.375
avignon,2023,0.0,0.0,0.0,1.0,0.0,0.0,24.5,13.0,20.8,32.8,12.7,2.0,7.1,17.5,9.35,16.05,22.275
bordeaux,2018,0.0,0.03333333333333333,0.5666666666666667,0.4,0.0,0.0,20.3,12.4,22.5,29.8,11.3,7.8,12.6,18.3,13.825,18.9,22.1
bordeaux,2019,0.0,0.03333333333333333,0.5666666666666667,0.4,0.0,0.0,21.2,12.8,18.6,29.1,13.3,5.6,9.1,17.6,10.05,14.4,20.225
bordeaux,2020,0.0,0.03333333333333333,0.5666666666666667,0.4,0.0,0.0,18.3,12.7,21.6,29.6,10.8,6.4,11.3,17.6,11.075,14.95,19.45
bordeaux,2021,0.0,0.03333333333333333,0.5666666666666667,0.4,0.0,0.0,20.9,12.5,19.4,26.5,10.2,5.4,8.2,16.2,10.275,14.05,20.5
bordeaux,2022,0.0,0.03333333333333333,0.5666666666666667,0.4,0.0,0.0,24.4,12.2,18.6,31.9,15.0,6.1,9.1,18.1,11.475,16.15,20.55
bordeaux,2023,0.0,0.03333333333333333,0.5666666666666667,0.4,0.0,0.0,23.8,12.0,19.6,29.2,13.3,5.1,9.3,17.8,10.975,15.75,22.325
cholet,2018,0.0,0.0,0.5454545454545454,0.45454545454545453,0.0,0.0,18.0,10.0,17.2,26.1,9.1,5.8,8.6,14.7,8.175,12.8,17.875
cholet,2019,0.0,0.0,0.5454545454545454,0.45454545454545453,0.0,0.0,17.2,10.7,15.7,25.5,11.2,4.1,6.2,14.7,8.075,12.0,17.35
cholet,2020,0.0,0.0,0.5454545454545454,0.45454545454545453,0.0,0.0,15.6,10.3,19.2,25.5,9.4,4.6,9.0,13.7,8.85,12.9,17.05
cholet,2021,0.0,0.0,0.5454545454545454,0.45454545454545453,0.0,0.0,17.6,9.8,15.7,23.4,8.6,4.5,4.4,13.7,7.15,11.25,17.925
cholet,2022,0.0,0.0,0.5454545454545454,0.45454545454545453,0.0,0.0,20.7,8.3,16.5,29.0,12.3,3.3,6.4,15.2,9.25,13.8,17.35
cholet,2023,0.0,0.0,0.5454545454545454,0.45454545454545453,0.0,0.0,20.3,10.4,15.2,25.1,11.4,4.1,6.5,15.3,8.924999999999999,12.85,19.25
clermont-ferrand,2018,0.0,0.0,0.3333333333333333,0.6666666666666666,0.0,0.0,18.9,10.6,19.5,28.3,7.9,3.4,7.9,15.4,8.05,13.25,18.5
clermont-ferrand,2019,0.0,0.0,0.3333333333333333,0.6666666666666666,0.0,0.0,19.4,11.6,16.9,28.8,10.7,0.9,4.8,14.8,7.75,11.9,18.475
clermont-ferrand,2020,0.0,0.0,0.3333333333333333,0.6666666666666666,0.0,0.0,16.2,10.6,21.2,28.3,8.9,2.9,7.4,14.6,8.825,13.0,17.725
clermont-ferrand,2021,0.0,0.0,0.3333333333333333,0.6666666666666666,0.0,0.0,18.5,9.0,15.9,25.1,6.6,0.9,3.3,14.2,7.55,10.8,18.375
clermont-ferrand,2022,0.0,0.0,0.3333333333333333,0.6666666666666666,0.0,0.0,23.0,9.5,16.8,29.1,10.9,1.8,5.3,14.7,8.55,13.85,18.7
clermont-ferrand,2023,0.0,0.0,0.3333333333333333,0.6666666666666666,0.0,0.0,22.7,11.0,16.4,28.6,10.5,2.6,6.1,16.0,8.549999999999999,13.05,20.700000000000003
dax,2018,0.0,0.0,1.0,0.0,0.0,0.0,20.2,12.5,19.7,28.0,9.7,6.8,9.6,17.1,9.975,14.15,20.0
dax,2019,0.0,0.0,1.0,0.0,0.0,0.0,21.5,13.9,18.4,27.8,12.1,3.4,8.1,16.6,10.125,13.7,19.2
dax,2020,0.0,0.0,1.0,0.0,0.0,0.0,19.0,13.4,21.3,27.7,10.1,5.2,10.9,16.4,10.95,14.6,18.975
dax,2021,0.0,0.0,1.0,0.0,0.0,0.0,21.1,13.5,18.2,25.1,9.0,4.8,7.0,15.6,10.15,13.35,19.55
dax,2022,0.0,0.0,1.0,0.0,0.0,0.0,24.9,14.8,17.4,30.9,13.9,4.8,7.7,16.7,10.775,15.1,19.675
dax,2023,0.0,0.0,1.0,0.0,0.0,0.0,24.6,13.4,19.6,27.0,13.2,3.5,8.7,17.3,11.25,15.2,21.325
dieppe,2018,0.0,0.0,0.0,0.75,0.25,0.0,17.4,9.7,15.5,21.8,9.8,5.3,8.5,15.4,7.625,12.4,15.9
dieppe,2019,0.0,0.0,0.0,0.75,0.25,0.0,16.0,10.1,13.7,22.0,10.8,3.7,6.5,14.1,8.075000000000001,11.0,15.875
dieppe,2020,0.0,0.0,0.0,0.75,0.25,0.0,15.3,9.6,15.3,20.7,10.3,5.5,7.1,13.9,8.4,11.85,16.225
dieppe,2021,0.0,0.0,0.0,0.75,0.25,0.0,16.5,9.3,10.9,19.6,9.7,3.9,4.1,14.6,7.425,10.25,16.1
dieppe,2022,0.0,0.0,0.0,0.75,0.25,0.0,18.8,8.3,12.9,22.8,12.1,3.6,6.5,14.7,8.725,11.9,16.225
dieppe,2023,0.0,0.0,0.0,0.75,0.25,0.0,18.2,9.2,12.1,20.7,11.3,4.9,6.6,14.6,8.9,11.2,17.15
dijon,2020,0.0,0.0,0.21428571428571427,0.6428571428571429,0.14285714285714285,0.0,14.6,7.2,,29.2,7.9,2.2,,15.149999999999999,8.025,14.35,20.975
dijon,2021,0.0,0.0,0.21428571428571427,0.6428571428571429,0.14285714285714285,0.0,17.0,7.0,15.7,24.9,5.8,1.6,3.3,14.0,5.4,10.05,17.55
dijon,2022,0.0,0.0,0.21428571428571427,0.6428571428571429,0.14285714285714285,0.0,20.5,7.0,16.5,30.1,10.0,1.7,5.4,14.8,7.5,12.6,18.05
dijon,2023,0.0,0.0,0.21428571428571427,0.6428571428571429,0.14285714285714285,0.0,20.5,8.5,15.2,28.3,8.5,2.6,5.3,15.0,6.925000000000001,11.85,19.925
draguignan,2018,0.5,0.0,0.0,0.5,0.0,0.0,22.5,14.5,20.8,32.5,12.0,4.7,9.4,18.4,9.975,15.7,21.675
draguignan,2019,0.5,0.0,0.0,0.5,0.0,0.0,23.2,15.2,19.4,32.6,12.7,1.4,7.2,18.7,10.15,14.15,21.85
draguignan,2020,0.5,0.0,0.0,0.5,0.0,0.0,20.3,13.8,20.6,32.6,9.2,3.0,7.9,18.1,10.475,14.05,20.7
draguignan,2021,0.5,0.0,0.0,0.5,0.0,0.0,22.2,13.8,18.1,31.9,9.6,2.8,6.4,17.6,9.925,13.45,21.625
draguignan,2022,0.5,0.0,0.0,0.5,0.0,0.0,25.1,14.2,19.7,33.3,12.7,3.8,7.1,19.6,10.0,15.7,21.975
draguignan,2023,0.5,0.0,0.0,0.5,0.0,0.0,25.1,14.5,21.0,33.4,13.4,2.1,7.7,19.1,10.425,15.85,22.3
fontainebleau,2018,0.0,0.0,0.0,1.0,0.0,0.0,19.8,8.8,19.1,28.4,6.1,3.0,5.7,12.9,6.775,12.3,16.55
fontainebleau,2019,0.0,0.0,0.0,1.0,0.0,0.0,17.0,10.0,17.3,27.5,9.0,0.5,3.0,12.1,6.725,11.35,16.55
fontainebleau,2020,0.0,0.0,0.0,1.0,0.0,0.0,15.6,9.7,21.4,27.4,8.0,2.6,4.0,12.0,7.775,12.15,17.025
fontainebleau,2021,0.0,0.0,0.0,1.0,0.0,0.0,17.8,9.4,15.6,24.8,4.5,1.3,0.9,12.6,5.9,9.4,17.1
fontainebleau,2022,0.0,0.0,0.0,1.0,0.0,0.0,20.9,7.3,17.1,29.1,9.0,1.2,3.8,12.0,7.475,12.55,16.775000000000002
fontainebleau,2023,0.0,0.0,0.0,1.0,0.0,0.0,20.2,9.5,15.5,26.7,7.7,2.7,4.1,13.0,8.05,11.4,18.700000000000003
gap,2018,0.0,0.0,0.0,1.0,0.0,0.0,19.1,8.4,19.3,28.1,7.8,0.1,6.6,13.9,4.275,12.4,18.0
gap,2019,0.0,0.0,0.0,1.0,0.0,0.0,19.3,8.9,15.7,30.4,8.2,0.1,3.3,14.2,5.449999999999999,10.1,17.9
gap,2020,0.0,0.0,0.0,1.0,0.0,0.0,15.7,9.1,19.0,29.5,4.8,0.0,5.2,13.9,6.475,10.25,16.225
gap,2021,0.0,0.0,0.0,1.0,0.0,0.0,17.5,7.9,15.0,26.9,6.3,-0.7,3.5,13.4,5.975,9.65,17.525
gap,2022,0.0,0.0,0.0,1.0,0.0,0.0,21.1,8.7,17.0,30.2,10.0,0.4,4.2,15.6,6.5,12.35,17.425
gap,2023,0.0,0.0,0.0,1.0,0.0,0.0,20.1,9.2,16.3,29.9,9.5,0.2,4.0,15.1,5.3,11.5,18.3
joigny,2019,0.0,0.0,1.0,0.0,0.0,0.0,10.4,10.2,,,4.1,3.8,,,6.775,6.85,6.925
joigny,2020,0.0,0.0,1.0,0.0,0.0,0.0,15.9,10.1,21.8,28.2,9.3,3.9,5.4,13.3,8.5,12.85,17.725
joigny,2021,0.0,0.0,1.0,0.0,0.0,0.0,18.0,9.2,15.6,24.6,6.3,2.7,2.1,13.5,6.5,10.1,17.674999999999997
joigny,2022,0.0,0.0,1.0,0.0,0.0,0.0,21.4,8.0,17.3,29.1,10.4,2.4,4.6,13.1,8.2,13.15,17.525
joigny,2023,0.0,0.0,1.0,0.0,0.0,0.0,21.0,9.9,15.4,27.0,8.9,3.5,4.6,13.7,8.450000000000001,11.9,19.5
joinville-le-pont,2021,0.0,0.0,0.5454545454545454,0.45454545454545453,0.0,0.0,18.1,10.4,16.2,25.2,8.9,4.5,5.0,15.8,8.05,12.7,19.15
joinville-le-pont,2022,0.0,0.0,0.5454545454545454,0.45454545454545453,0.0,0.0,20.6,8.0,17.7,29.6,12.5,3.7,7.2,17.0,9.55,14.05,18.675
joinville-le-pont,2023,0.0,0.0,0.5454545454545454,0.45454545454545453,0.0,0.0,20.4,10.3,16.1,26.9,11.6,4.6,7.3,16.8,9.125,13.2,20.75
l'isle-sur-la-sorgue,2019,0.0,0.0,0.0,1.0,0.0,0.0,22.6,13.8,,33.6,11.1,3.7,,17.4,12.65,20.2,24.8
l'isle-sur-la-sorgue,2020,0.0,0.0,0.0,1.0,0.0,0.0,19.8,12.9,21.8,32.7,7.9,3.2,6.7,16.4,10.025,13.6,20.125
l'isle-sur-la-sorgue,2021,0.0,0.0,0.0,1.0,0.0,0.0,21.0,11.4,19.2,30.9,7.3,0.4,4.6,15.8,8.925,12.75,20.925
l'isle-sur-la-sorgue,2022,0.0,0.0,0.0,1.0,0.0,0.0,25.6,12.5,20.9,33.7,11.7,2.0,5.9,17.4,9.525,15.55,20.925
l'isle-sur-la-sorgue,2023,0.0,0.0,0.0,1.0,0.0,0.0,24.7,13.1,21.4,32.9,11.3,1.2,5.8,16.0,8.700000000000001,15.6,21.725
la rochelle,2018,0.0,0.0,0.5,0.5,0.0,0.0,19.4,11.5,16.9,26.0,10.5,7.3,9.8,16.3,9.375,13.8,19.0
la rochelle,2019,0.0,0.0,0.5,0.5,0.0,0.0,18.5,11.8,16.2,25.3,13.0,5.4,7.7,16.4,9.9,12.95,18.725
la rochelle,2020,0.0,0.0,0.5,0.5,0.0,0.0,17.0,11.3,19.1,25.2,11.0,6.3,10.1,15.8,10.25,14.1,18.1
la rochelle,2021,0.0,0.0,0.5,0.5,0.0,0.0,18.9,10.7,17.2,23.8,9.8,5.6,6.1,15.7,8.549999999999999,12.8,19.275
la rochelle,2022,0.0,0.0,0.5,0.5,0.0,0.0,21.4,9.8,16.8,28.2,14.1,4.3,8.1,16.8,10.425,15.15,18.775
la rochelle,2023,0.0,0.0,0.5,0.5,0.0,0.0,21.5,11.1,16.3,25.0,13.0,4.9,8.0,16.9,10.0,14.3,20.35
laon,2018,0.0,0.0,0.0,0.5,0.5,0.0,17.6,8.4,18.1,26.1,6.8,3.8,6.9,13.0,6.525,12.25,16.15
laon,2019,0.0,0.0,0.0,0.5,0.5,0.0,15.7,8.7,16.3,25.4,9.6,1.4,4.7,12.7,6.75,11.15,16.125
laon,2020,0.0,0.0,0.0,0.5,0.5,0.0,14.7,8.5,19.7,25.4,9.5,3.8,5.0,12.1,7.625,12.2,17.150000000000002
laon,2021,0.0,0.0,0.0,0.5,0.5,0.0,16.3,8.5,13.8,23.5,6.8,2.3,2.1,13.2,6.0,9.35,17.05
laon,2022,0.0,0.0,0.0,0.5,0.5,0.0,19.1,7.0,15.5,27.9,10.1,1.9,4.1,11.9,7.575,12.05,15.95
laon,2023,0.0,0.0,0.0,0.5,0.5,0.0,18.6,9.2,13.8,25.1,9.6,3.5,5.0,13.4,7.924999999999999,11.35,18.75
le havre,2018,0.0,0.0,0.0,1.0,0.0,0.0,16.7,9.2,15.7,21.4,10.0,5.2,8.4,15.4,7.75,12.55,16.05
le havre,2019,0.0,0.0,0.0,1.0,0.0,0.0,15.4,9.8,14.6,22.4,11.0,4.1,6.4,14.7,8.200000000000001,11.2,16.25
le havre,2020,0.0,0.0,0.0,1.0,0.0,0.0,15.0,9.2,17.5,20.8,10.1,5.7,7.9,14.1,8.175,12.5,16.275
le havre,2021,0.0,0.0,0.0,1.0,0.0,0.0,16.3,9.2,11.8,19.9,10.5,4.0,4.3,14.1,7.775,10.35,16.075
le havre,2022,0.0,0.0,0.0,1.0,0.0,0.0,18.3,8.2,14.1,24.1,12.6,3.8,6.3,15.4,9.25,12.35,16.45
le havre,2023,0.0,0.0,0.0,1.0,0.0,0.0,18.0,9.3,13.0,21.0,11.7,4.7,6.5,15.0,8.75,11.5,17.725
le mans,2018,0.0,0.1111111111111111,0.1111111111111111,0.3333333333333333,0.4444444444444444,0.0,18.9,10.3,18.6,27.5,8.4,5.2,8.7,15.0,8.075,13.25,17.925
le mans,2019,0.0,0.1111111111111111,0.1111111111111111,0.3333333333333333,0.4444444444444444,0.0,17.5,10.6,17.4,26.8,10.8,2.3,6.0,14.2,7.8,12.55,17.775
le mans,2020,0.0,0.1111111111111111,0.1111111111111111,0.3333333333333333,0.4444444444444444,0.0,16.3,10.4,20.8,26.9,9.6,4.6,8.7,13.9,9.1,13.6,18.075
le mans,2021,0.0,0.1111111111111111,0.1111111111111111,0.3333333333333333,0.4444444444444444,0.0,18.1,9.9,16.2,24.5,7.3,4.2,4.0,14.3,7.1,11.25,18.35
le mans,2022,0.0,0.1111111111111111,0.1111111111111111,0.3333333333333333,0.4444444444444444,0.0,21.1,8.3,17.5,29.3,11.9,3.2,6.3,16.0,9.4,13.85,17.775000000000002
le mans,2023,0.0,0.1111111111111111,0.1111111111111111,0.3333333333333333,0.4444444444444444,0.0,20.4,10.8,16.2,26.1,10.3,4.0,6.8,15.5,9.15,12.95,20.2
les sables-d'olonne,2018,0.0,0.0,0.0,1.0,0.0,0.0,18.8,11.1,16.0,24.7,9.8,7.3,9.8,15.8,9.475,13.35,18.425
les sables-d'olonne,2019,0.0,0.0,0.0,1.0,0.0,0.0,17.8,11.7,15.7,23.9,12.7,5.6,8.1,15.8,9.9,12.85,17.8
les sables-d'olonne,2020,0.0,0.0,0.0,1.0,0.0,0.0,16.6,11.6,18.3,24.2,10.6,6.9,9.9,15.3,10.275,13.75,17.55
les sables-d'olonne,2021,0.0,0.0,0.0,1.0,0.0,0.0,18.3,10.7,16.5,23.0,10.0,5.3,6.5,15.2,8.174999999999999,12.65,18.825
les sables-d'olonne,2022,0.0,0.0,0.0,1.0,0.0,0.0,20.5,9.8,16.5,27.6,13.8,4.5,8.3,16.8,10.075,15.0,18.275
les sables-d'olonne,2023,0.0,0.0,0.0,1.0,0.0,0.0,20.9,11.1,15.7,24.2,13.2,5.1,8.4,16.5,9.825,14.15,19.525
limoges,2018,0.0,0.0,0.07692307692307693,0.46153846153846156,0.0,0.46153846153846156,19.35,9.149999999999999,18.35,26.6,9.15,4.4,8.399999999999999,15.25,7.425,13.25,18.35
limoges,2019,0.0,0.0,0.07692307692307693,0.46153846153846156,0.0,0.46153846153846156,17.8,10.6,16.15,26.799999999999997,10.850000000000001,2.55,5.7,14.7,7.475,11.65,17.925
limoges,2020,0.0,0.0,0.07692307692307693,0.46153846153846156,0.0,0.46153846153846156,15.649999999999999,9.85,19.700000000000003,26.0,8.850000000000001,3.8,8.95,14.8,8.174999999999999,12.7,17.35
limoges,2021,0.0,0.0,0.07692307692307693,0.46153846153846156,0.0,0.46153846153846156,16.7,10.0,14.75,22.7,8.3,3.6,4.65,14.5,7.0,8.4,14.7
limoges,2022,0.0,0.0,0.07692307692307693,0.46153846153846156,0.0,0.46153846153846156,20.6,8.6,15.2,27.4,12.4,3.1,6.9,16.5,8.5,13.55,17.85
limoges,2023,0.0,0.0,0.07692307692307693,0.46153846153846156,0.0,0.46153846153846156,19.6,9.0,14.9,25.2,11.5,2.7,6.7,15.7,7.6,12.7,19.525
lisieux,2018,0.0,0.0,0.0,0.0,1.0,0.0,18.3,10.2,17.6,24.5,7.6,5.0,7.5,13.4,7.675,12.1,15.65
lisieux,2019,0.0,0.0,0.0,0.0,1.0,0.0,16.3,10.8,16.3,25.1,10.3,2.6,5.1,12.8,7.65,11.1,15.925
lisieux,2020,0.0,0.0,0.0,0.0,1.0,0.0,15.9,10.0,20.2,24.7,8.6,4.9,6.0,12.2,8.325,12.25,16.45
lisieux,2021,0.0,0.0,0.0,0.0,1.0,0.0,17.8,10.2,14.7,23.0,7.8,3.4,2.3,12.8,7.300000000000001,9.85,16.85
lisieux,2022,0.0,0.0,0.0,0.0,1.0,0.0,19.8,8.7,16.4,27.9,10.6,3.2,4.6,12.8,8.975,12.4,15.775
lisieux,2023,0.0,0.0,0.0,0.0,1.0,0.0,19.7,11.0,15.4,23.9,9.5,3.8,5.7,13.7,8.825,11.9,18.4
louviers,2022,0.0,0.0,1.0,0.0,0.0,0.0,20.6,8.2,,29.4,10.3,2.2,,13.4,12.0,15.5,20.05
louviers,2023,0.0,0.0,1.0,0.0,0.0,0.0,20.5,11.1,16.2,25.5,9.5,3.5,5.5,14.0,8.875,12.05,19.15
lyon,2020,0.0,0.0,0.38596491228070173,0.40350877192982454,0.14035087719298245,0.07017543859649122,16.4,9.4,,31.049999999999997,9.8,3.8,,18.450000000000003,9.775,16.15,22.9
lyon,2021,0.0,0.0,0.38596491228070173,0.40350877192982454,0.14035087719298245,0.07017543859649122,17.7,7.7,17.4,27.2,8.6,2.8,6.7,16.8,8.1,12.15,19.925
lyon,2022,0.0,0.0,0.38596491228070173,0.40350877192982454,0.14035087719298245,0.07017543859649122,22.4,8.8,18.6,32.0,13.1,3.6,8.1,19.2,9.575,15.15,21.1
lyon,2023,0.0,0.0,0.38596491228070173,0.40350877192982454,0.14035087719298245,0.07017543859649122,22.0,9.8,17.4,30.8,12.0,3.7,8.0,18.8,8.524999999999999,14.35,22.125
menton,2018,0.0,0.0,0.5,0.5,0.0,0.0,22.7,14.6,19.3,29.1,15.8,9.1,12.9,21.7,11.525,16.9,22.025
menton,2019,0.0,0.0,0.5,0.5,0.0,0.0,22.7,15.2,17.9,30.4,16.3,8.6,11.0,22.3,12.6,14.5,22.55
menton,2020,0.0,0.0,0.5,0.5,0.0,0.0,19.7,14.6,18.8,28.3,13.3,9.2,12.2,21.0,11.975,15.25,21.025
menton,2021,0.0,0.0,0.5,0.5,0.0,0.0,22.2,14.0,16.9,28.7,15.4,8.7,10.3,20.8,11.8,15.2,22.55
menton,2022,0.0,0.0,0.5,0.5,0.0,0.0,23.6,14.7,18.7,30.4,17.4,8.9,11.2,22.8,11.6,17.15,22.675
menton,2023,0.0,0.0,0.5,0.5,0.0,0.0,23.9,14.2,19.1,30.4,17.3,8.4,11.6,22.2,12.725,16.6,22.875
montauban,2018,0.0,0.0,0.0,1.0,0.0,0.0,20.0,11.7,20.3,30.6,10.1,5.0,8.7,17.2,8.925,14.5,20.575
montauban,2019,0.0,0.0,0.0,1.0,0.0,0.0,21.2,12.5,17.9,30.1,11.1,1.2,7.7,16.7,8.8,13.75,20.125
montauban,2020,0.0,0.0,0.0,1.0,0.0,0.0,17.5,11.8,21.2,30.0,9.2,3.6,9.2,16.8,9.825,13.9,19.3
montauban,2021,0.0,0.0,0.0,1.0,0.0,0.0,20.3,11.5,18.5,27.0,7.5,2.3,5.0,15.5,9.225,12.55,20.325000000000003
montauban,2022,0.0,0.0,0.0,1.0,0.0,0.0,25.5,12.5,17.5,33.0,12.4,3.6,7.3,17.1,10.05,15.3,20.5
montauban,2023,0.0,0.0,0.0,1.0,0.0,0.0,24.2,10.7,19.1,29.5,11.3,2.6,7.6,17.5,9.4,15.05,21.925
montbard,2018,0.0,0.0,1.0,0.0,0.0,0.0,19.1,8.9,19.7,28.3,6.9,2.6,6.6,14.0,6.95,12.4,16.9
montbard,2019,0.0,0.0,1.0,0.0,0.0,0.0,17.5,10.3,16.5,28.7,9.3,0.1,4.4,12.5,6.55,10.95,16.7
montbard,2020,0.0,0.0,1.0,0.0,0.0,0.0,15.1,10.0,21.7,27.8,8.4,2.7,4.5,12.6,7.7,12.1,16.974999999999998
montbard,2021,0.0,0.0,1.0,0.0,0.0,0.0,18.1,8.8,15.9,24.0,5.5,1.4,0.9,13.2,5.7,9.45,16.8
montbard,2022,0.0,0.0,1.0,0.0,0.0,0.0,21.6,8.0,16.7,29.4,10.0,1.4,3.7,13.2,7.3,12.25,17.075
montbard,2023,0.0,0.0,1.0,0.0,0.0,0.0,21.1,9.5,15.1,27.0,8.2,2.6,4.6,13.8,7.6,11.55,19.575
mulhouse,2018,0.0,0.0,0.7058823529411765,0.11764705882352941,0.0,0.17647058823529413,18.2,7.5,20.7,29.2,5.8,2.7,6.4,15.3,5.8,12.5,17.925
mulhouse,2019,0.0,0.0,0.7058823529411765,0.11764705882352941,0.0,0.17647058823529413,17.0,8.5,15.9,27.3,9.2,-0.6,4.2,14.0,5.75,10.85,16.95
mulhouse,2020,0.0,0.0,0.7058823529411765,0.11764705882352941,0.0,0.17647058823529413,15.1,8.4,20.9,28.1,7.6,1.7,4.8,14.1,6.925,11.85,17.225
mulhouse,2021,0.0,0.0,0.7058823529411765,0.11764705882352941,0.0,0.17647058823529413,16.7,7.2,14.8,24.8,5.2,0.6,2.7,13.9,4.75,9.35,17.05
mulhouse,2022,0.0,0.0,0.7058823529411765,0.11764705882352941,0.0,0.17647058823529413,20.8,6.3,15.7,29.8,10.4,0.6,5.3,14.5,7.15,12.65,18.075
mulhouse,2023,0.0,0.0,0.7058823529411765,0.11764705882352941,0.0,0.17647058823529413,20.3,8.8,14.5,27.3,8.0,2.1,4.9,14.8,6.8,11.5,19.7
nantes,2019,0.0,0.07017543859649122,0.3684210526315789,0.35964912280701755,0.10526315789473684,0.09649122807017543,18.2,11.4,,27.7,11.8,6.0,,16.299999999999997,10.35,16.2,20.025
nantes,2020,0.0,0.07017543859649122,0.3684210526315789,0.35964912280701755,0.10526315789473684,0.09649122807017543,17.0,11.5,20.5,26.0,10.1,5.9,10.1,14.7,9.975,14.0,18.05
nantes,2021,0.0,0.07017543859649122,0.3684210526315789,0.35964912280701755,0.10526315789473684,0.09649122807017543,18.9,10.9,17.1,24.4,9.1,5.5,5.5,14.7,8.174999999999999,12.4,18.875
nantes,2022,0.0,0.07017543859649122,0.3684210526315789,0.35964912280701755,0.10526315789473684,0.09649122807017543,21.6,9.1,18.0,29.4,13.1,4.1,7.8,16.4,10.3,14.75,18.5
nantes,2023,0.0,0.07017543859649122,0.3684210526315789,0.35964912280701755,0.10526315789473684,0.09649122807017543,21.3,11.6,16.4,25.7,11.6,5.4,8.0,16.3,10.1,13.95,20.200000000000003
narbonne,2018,0.0,0.0,0.25,0.75,0.0,0.0,19.3,13.4,19.4,31.6,12.9,7.1,10.2,20.1,9.875,14.9,21.700000000000003
narbonne,2019,0.0,0.0,0.25,0.75,0.0,0.0,21.2,13.9,18.0,30.8,13.8,6.1,8.7,19.4,10.4,14.3,20.825
narbonne,2020,0.0,0.0,0.25,0.75,0.0,0.0,19.0,12.5,18.7,30.2,11.1,6.1,10.6,19.3,11.3,14.05,20.325
narbonne,2021,0.0,0.0,0.25,0.75,0.0,0.0,21.0,12.7,18.1,29.8,12.1,6.0,7.9,18.1,10.4,14.05,21.3
narbonne,2022,0.0,0.0,0.25,0.75,0.0,0.0,23.8,13.5,18.7,32.9,16.4,6.7,9.3,20.4,10.45,16.25,21.6
narbonne,2023,0.0,0.0,0.25,0.75,0.0,0.0,23.8,13.1,20.6,30.9,14.7,5.0,10.0,19.6,11.125,16.05,22.075000000000003
nemours,2018,0.0,0.0,0.0,0.0,1.0,0.0,20.1,9.1,19.2,28.8,7.9,4.0,7.8,14.3,7.625,13.25,17.45
nemours,2019,0.0,0.0,0.0,0.0,1.0,0.0,17.3,10.1,17.2,27.9,10.5,1.3,5.1,14.0,7.45,12.0,17.35
nemours,2020,0.0,0.0,0.0,0.0,1.0,0.0,15.8,9.9,21.5,28.2,9.2,4.2,5.9,13.7,8.525,12.8,18.0
nemours,2021,0.0,0.0,0.0,0.0,1.0,0.0,18.2,9.4,15.8,25.3,6.5,3.2,2.1,14.0,6.675,10.15,17.95
nemours,2022,0.0,0.0,0.0,0.0,1.0,0.0,21.3,7.6,17.4,29.9,11.2,2.8,4.8,13.8,8.350000000000001,13.3,17.725
nemours,2023,0.0,0.0,0.0,0.0,1.0,0.0,20.7,9.9,15.9,27.1,9.7,4.0,5.3,14.7,8.625,12.25,19.9
nice,2018,0.0,0.0,0.48484848484848486,0.40404040404040403,0.1111111111111111,0.0,21.9,14.05,18.299999999999997,28.05,14.850000000000001,6.800000000000001,11.899999999999999,20.2,10.6,16.4,21.475
nice,2019,0.0,0.0,0.48484848484848486,0.40404040404040403,0.1111111111111111,0.0,21.65,14.399999999999999,17.0,28.6,14.850000000000001,6.15,9.85,20.3,11.575,14.25,22.35
nice,2020,0.0,0.0,0.48484848484848486,0.40404040404040403,0.1111111111111111,0.0,19.05,14.0,18.0,27.35,12.0,6.65,11.0,19.65,11.575,14.7,21.075
nice,2021,0.0,0.0,0.48484848484848486,0.40404040404040403,0.1111111111111111,0.0,20.85,13.55,16.05,27.3,13.149999999999999,6.0,9.45,19.45,11.025,14.6,22.0
nice,2022,0.0,0.0,0.48484848484848486,0.40404040404040403,0.1111111111111111,0.0,22.4,14.05,17.6,29.3,15.55,6.3,10.25,21.450000000000003,10.575,16.2,22.9
nice,2023,0.0,0.0,0.48484848484848486,0.40404040404040403,0.1111111111111111,0.0,22.95,13.899999999999999,18.0,28.65,16.0,6.55,10.45,20.65,11.6,16.15,22.2
nogent-le-rotrou,2021,0.0,0.0,0.0,0.0,0.0,1.0,17.4,9.3,15.1,24.0,6.6,3.0,2.3,12.8,6.5,10.05,17.474999999999998
nogent-le-rotrou,2022,0.0,0.0,0.0,0.0,0.0,1.0,20.3,7.6,16.7,28.7,10.7,2.2,4.5,13.6,8.475,12.8,16.475
nogent-le-rotrou,2023,0.0,0.0,0.0,0.0,0.0,1.0,19.7,10.2,15.3,25.0,9.3,3.2,5.1,14.0,8.424999999999999,11.95,19.2
perpignan,2018,0.0,0.0,1.0,0.0,0.0,0.0,21.4,15.0,20.2,31.8,14.1,7.5,10.0,21.5,11.525,16.15,22.55
perpignan,2019,0.0,0.0,1.0,0.0,0.0,0.0,22.6,15.6,18.5,30.5,13.9,5.0,9.7,20.1,11.475,15.35,21.625
perpignan,2020,0.0,0.0,1.0,0.0,0.0,0.0,20.4,14.1,18.8,30.7,10.9,5.2,10.4,20.1,12.1,14.8,21.25
perpignan,2021,0.0,0.0,1.0,0.0,0.0,0.0,22.2,14.3,18.4,29.7,12.2,6.0,8.3,19.2,11.375,15.1,22.3
perpignan,2022,0.0,0.0,1.0,0.0,0.0,0.0,24.8,15.0,18.9,32.8,15.7,6.1,10.5,21.5,11.4,17.15,22.55
perpignan,2023,0.0,0.0,1.0,0.0,0.0,0.0,24.8,14.3,21.2,31.0,14.6,5.0,10.6,20.9,12.325,17.1,22.775
perros-guirec,2018,0.0,0.0,1.0,0.0,0.0,0.0,16.6,11.2,15.0,20.7,11.1,6.8,8.5,14.7,9.675,11.85,15.55
perros-guirec,2019,0.0,0.0,1.0,0.0,0.0,0.0,16.2,11.2,13.7,21.5,11.5,6.3,7.8,14.5,9.525,11.45,15.2
perros-guirec,2020,0.0,0.0,1.0,0.0,0.0,0.0,15.5,11.1,15.6,19.9,10.7,7.0,9.2,14.2,9.4,12.4,15.45
perros-guirec,2021,0.0,0.0,1.0,0.0,0.0,0.0,17.5,10.7,12.5,19.7,11.7,6.0,6.8,14.4,9.275,11.1,15.4
perros-guirec,2022,0.0,0.0,1.0,0.0,0.0,0.0,18.5,10.1,13.7,22.2,13.2,6.0,8.1,15.1,9.575,12.8,15.825
perros-guirec,2023,0.0,0.0,1.0,0.0,0.0,0.0,18.5,10.9,13.7,20.8,12.4,6.4,8.2,14.7,10.35,12.15,16.775000000000002
poitiers,2018,0.0,0.0,0.6666666666666666,0.0,0.3333333333333333,0.0,19.1,9.8,18.7,28.1,8.9,4.6,7.9,14.6,8.0,13.15,18.3
poitiers,2019,0.0,0.0,0.6666666666666666,0.0,0.3333333333333333,0.0,17.8,10.9,17.0,27.2,11.1,2.3,5.4,13.7,7.9,12.2,17.875
poitiers,2020,0.0,0.0,0.6666666666666666,0.0,0.3333333333333333,0.0,16.1,10.5,19.9,27.4,9.1,3.8,8.5,14.0,8.85,13.1,17.400000000000002
poitiers,2021,0.0,0.0,0.6666666666666666,0.0,0.3333333333333333,0.0,18.7,9.5,16.2,24.5,6.6,3.2,3.9,13.7,7.325,11.2,18.425
poitiers,2022,0.0,0.0,0.6666666666666666,0.0,0.3333333333333333,0.0,21.6,8.7,16.9,29.4,11.5,2.9,6.2,14.8,9.15,14.0,18.025
poitiers,2023,0.0,0.0,0.6666666666666666,0.0,0.3333333333333333,0.0,21.6,10.4,16.3,27.1,10.4,3.3,5.7,14.9,8.925,13.1,20.275
pornic,2020,0.0,0.0,1.0,0.0,0.0,0.0,16.9,11.3,,,9.9,5.4,,,10.025,11.8,14.25
pornic,2021,0.0,0.0,1.0,0.0,0.0,0.0,,10.5,17.7,24.1,,4.7,4.2,14.5,8.1,10.7,17.3
pornic,2022,0.0,0.0,1.0,0.0,0.0,0.0,20.8,8.8,18.0,28.2,13.2,4.2,7.2,15.8,10.0,14.45,18.175
pornic,2023,0.0,0.0,1.0,0.0,0.0,0.0,20.7,11.6,16.3,24.3,12.1,5.6,7.7,15.7,10.0,13.9,19.325
puteaux,2019,0.0,0.0,0.3333333333333333,0.6666666666666666,0.0,0.0,,10.7,,,,5.7,,,7.9,7.9,7.9
puteaux,2020,0.0,0.0,0.3333333333333333,0.6666666666666666,0.0,0.0,16.2,9.8,21.6,26.8,10.5,5.0,8.7,15.4,9.275,13.8,18.9
puteaux,2021,0.0,0.0,0.3333333333333333,0.6666666666666666,0.0,0.0,17.8,10.2,15.6,24.9,8.7,3.9,4.6,15.3,7.574999999999999,11.3,18.825
puteaux,2022,0.0,0.0,0.3333333333333333,0.6666666666666666,0.0,0.0,20.8,8.2,17.3,29.5,12.2,3.9,7.0,16.5,9.75,13.95,18.1
puteaux,2023,0.0,0.0,0.3333333333333333,0.6666666666666666,0.0,0.0,20.2,10.7,15.7,26.1,11.4,4.7,7.4,16.3,9.45,13.1,20.55
rennes,2018,0.0,0.0,0.3275862068965517,0.3793103448275862,0.29310344827586204,0.0,18.2,11.0,17.4,25.1,9.1,6.3,8.4,14.3,8.5,12.7,17.349999999999998
rennes,2019,0.0,0.0,0.3275862068965517,0.3793103448275862,0.29310344827586204,0.0,16.7,10.6,16.3,24.9,10.9,3.8,6.4,14.1,8.125,12.2,16.825000000000003
rennes,2020,0.0,0.0,0.3275862068965517,0.3793103448275862,0.29310344827586204,0.0,16.0,10.7,20.2,24.9,9.7,5.0,8.9,13.4,9.2,13.2,16.925
rennes,2021,0.0,0.0,0.3275862068965517,0.3793103448275862,0.29310344827586204,0.0,17.9,10.1,15.6,22.5,9.3,4.5,4.2,13.6,7.675,11.1,17.35
rennes,2022,0.0,0.0,0.3275862068965517,0.3793103448275862,0.29310344827586204,0.0,20.0,8.5,17.1,27.9,12.6,4.1,6.3,14.6,9.4,13.6,16.925
rennes,2023,0.0,0.0,0.3275862068965517,0.3793103448275862,0.29310344827586204,0.0,19.8,10.9,15.9,24.4,10.9,4.7,6.8,14.4,9.35,12.85,18.825
roubaix,2019,0.0,0.0,0.4,0.4,0.2,0.0,16.2,9.3,21.2,25.8,10.2,3.9,11.5,14.7,11.4,16.0,18.950000000000003
roubaix,2020,0.0,0.0,0.4,0.4,0.2,0.0,15.4,9.0,19.5,24.0,9.7,4.4,6.4,13.7,7.775,12.5,17.375
roubaix,2021,0.0,0.0,0.4,0.4,0.2,0.0,16.4,8.8,13.0,23.4,8.4,2.4,3.7,14.3,7.35,9.95,17.575
roubaix,2022,0.0,0.0,0.4,0.4,0.2,0.0,19.6,7.9,16.1,26.7,10.8,2.5,6.2,14.6,8.475000000000001,12.85,16.475
roubaix,2023,0.0,0.0,0.4,0.4,0.2,0.0,18.6,9.8,13.9,24.5,11.0,3.9,5.5,14.9,8.175,11.85,19.0
rouen,2022,0.0,0.0,0.0,1.0,0.0,0.0,20.1,7.9,,28.6,10.8,2.5,,15.5,11.95,15.9,20.5
rouen,2023,0.0,0.0,0.0,1.0,0.0,0.0,20.1,10.9,15.8,25.2,10.0,3.8,6.6,15.0,8.95,12.3,19.45
saint-chamond,2018,0.0,0.0,1.0,0.0,0.0,0.0,18.6,8.9,19.8,29.4,9.4,3.1,8.8,17.0,7.525,13.75,19.200000000000003
saint-chamond,2019,0.0,0.0,1.0,0.0,0.0,0.0,18.8,10.2,16.0,27.6,10.2,1.4,5.8,15.7,7.175,11.85,18.45
saint-chamond,2020,0.0,0.0,1.0,0.0,0.0,0.0,15.8,8.9,20.6,29.5,8.4,2.4,7.7,16.6,8.125,12.8,18.625
saint-chamond,2021,0.0,0.0,1.0,0.0,0.0,0.0,17.2,7.3,15.3,25.1,7.9,1.7,4.3,14.9,6.925000000000001,10.8,18.625
saint-chamond,2022,0.0,0.0,1.0,0.0,0.0,0.0,22.4,8.6,16.5,30.4,12.1,2.1,6.2,17.3,8.275,14.0,19.525
saint-chamond,2023,0.0,0.0,1.0,0.0,0.0,0.0,22.3,10.1,15.8,29.5,11.2,2.2,6.0,17.0,7.725,12.85,20.85
saint-denis,2018,0.0,0.0,0.25,0.25,0.5,0.0,20.2,23.1,21.45,18.9,12.100000000000001,16.05,14.65,10.0,12.975,16.55,19.725
saint-denis,2019,0.0,0.0,0.25,0.25,0.5,0.0,20.55,23.75,22.5,18.8,12.15,16.4,14.25,10.55,13.775,16.950000000000003,19.675
saint-denis,2020,0.0,0.0,0.25,0.25,0.5,0.0,22.950000000000003,24.700000000000003,22.05,20.1,16.05,19.2,14.3,14.0,15.075,18.4,21.6
saint-denis,2021,0.0,0.0,0.25,0.25,0.5,0.0,23.299999999999997,26.25,25.65,21.75,16.6,19.9,19.65,15.3,16.425,20.45,22.9
saint-denis,2022,0.0,0.0,0.25,0.25,0.5,0.0,22.75,25.75,25.45,21.549999999999997,15.65,19.8,19.45,14.95,16.225,19.8,22.5
saint-denis,2023,0.0,0.0,0.25,0.25,0.5,0.0,24.3,26.25,25.45,22.55,17.549999999999997,19.85,19.45,16.1,17.0,21.05,22.975
saint-genis-laval,2018,0.0,0.0,0.0,1.0,0.0,0.0,18.8,8.7,21.55,30.0,10.0,3.3,10.649999999999999,17.7,8.05,14.5,20.05
saint-genis-laval,2019,0.0,0.0,0.0,1.0,0.0,0.0,19.0,10.0,17.2,28.8,11.2,2.2,6.7,16.1,7.35,12.65,19.15
saint-genis-laval,2020,0.0,0.0,0.0,1.0,0.0,0.0,15.9,9.0,21.8,30.7,9.0,3.3,8.6,17.3,8.775,13.9,19.225
saint-genis-laval,2021,0.0,0.0,0.0,1.0,0.0,0.0,17.8,7.7,16.4,26.1,8.2,2.5,5.7,15.8,7.375,11.6,19.15
saint-genis-laval,2022,0.0,0.0,0.0,1.0,0.0,0.0,22.6,8.4,17.9,31.9,12.9,3.2,7.1,18.1,9.175,14.75,20.1
saint-genis-laval,2023,0.0,0.0,0.0,1.0,0.0,0.0,22.0,10.0,16.6,30.3,11.6,3.1,7.1,17.7,7.875,13.8,21.55
saint-gervais-les-bains,2018,0.0,0.0,0.0,0.0,1.0,0.0,11.2,-0.25,10.8,17.4,4.7,-6.3,2.5,10.4,0.85,7.4,11.3
saint-gervais-les-bains,2019,0.0,0.0,0.0,0.0,1.0,0.0,11.4,4.3,6.1,18.2,4.7,-1.9,-0.9,10.7,0.55,2.45,10.9
saint-gervais-les-bains,2020,0.0,0.0,0.0,0.0,1.0,0.0,8.4,3.7,9.7,17.7,1.9,-3.0,3.0,10.4,0.175,5.25,9.425
saint-gervais-les-bains,2021,0.0,0.0,0.0,0.0,1.0,0.0,9.2,3.0,4.1,15.6,3.0,-2.5,-2.0,9.0,0.4249999999999999,2.65,10.775
saint-gervais-les-bains,2022,0.0,0.0,0.0,0.0,1.0,0.0,12.2,2.6,6.2,18.0,5.7,-3.4,-0.1,10.2,1.1,5.5,10.55
saint-gervais-les-bains,2023,0.0,0.0,0.0,0.0,1.0,0.0,12.8,3.1,4.6,17.9,6.4,-2.6,-1.4,10.8,0.1,3.95,12.65
saint-priest,2018,0.0,1.0,0.0,0.0,0.0,0.0,18.8,9.1,20.8,30.0,10.1,4.0,9.2,18.1,8.174999999999999,14.5,20.4
saint-priest,2019,0.0,1.0,0.0,0.0,0.0,0.0,19.6,10.5,17.7,28.8,11.7,1.0,7.0,16.5,7.9,13.35,19.775
saint-priest,2020,0.0,1.0,0.0,0.0,0.0,0.0,16.7,9.5,21.9,30.7,9.5,3.3,8.4,17.8,8.8,13.95,19.75
saint-priest,2021,0.0,1.0,0.0,0.0,0.0,0.0,18.3,8.0,16.6,26.7,8.0,2.2,5.5,16.4,7.925000000000001,11.85,19.775
saint-priest,2022,0.0,1.0,0.0,0.0,0.0,0.0,22.2,8.8,17.5,31.3,12.5,2.4,6.1,17.3,9.025,14.6,20.175
saint-priest,2023,0.0,1.0,0.0,0.0,0.0,0.0,22.5,10.2,16.3,30.0,11.1,2.7,6.2,17.6,8.175,13.7,21.675
saintes,2018,0.0,0.0,1.0,0.0,0.0,0.0,20.2,11.7,18.9,29.2,9.1,6.4,9.0,15.0,9.025,13.7,19.125
saintes,2019,0.0,0.0,1.0,0.0,0.0,0.0,19.5,12.5,17.8,27.7,12.1,4.2,7.1,14.3,9.1,13.15,18.625
saintes,2020,0.0,0.0,1.0,0.0,0.0,0.0,17.8,11.8,21.0,28.3,9.8,5.4,9.2,14.3,10.175,13.95,17.95
saintes,2021,0.0,0.0,1.0,0.0,0.0,0.0,20.1,11.6,18.9,25.3,7.9,4.5,5.7,14.4,8.95,12.5,18.825
saintes,2022,0.0,0.0,1.0,0.0,0.0,0.0,22.6,10.3,17.9,31.0,12.4,4.0,7.4,15.3,10.4,14.85,18.700000000000003
saintes,2023,0.0,0.0,1.0,0.0,0.0,0.0,22.6,11.2,18.0,27.6,11.4,4.0,7.4,15.6,9.975,14.25,20.375
sens,2018,0.0,0.0,0.3333333333333333,0.6666666666666666,0.0,0.0,19.8,9.2,19.3,28.2,6.7,4.0,7.5,13.8,7.300000000000001,12.9,17.05
sens,2019,0.0,0.0,0.3333333333333333,0.6666666666666666,0.0,0.0,17.6,10.2,16.8,28.5,9.7,1.2,5.0,13.2,7.475,12.1,17.025
sens,2020,0.0,0.0,0.3333333333333333,0.6666666666666666,0.0,0.0,15.8,9.9,21.4,27.9,9.4,4.2,5.9,13.1,8.575,12.9,17.575
sens,2021,0.0,0.0,0.3333333333333333,0.6666666666666666,0.0,0.0,18.0,9.3,15.4,24.9,6.3,2.9,2.4,13.3,6.55,10.1,17.85
sens,2022,0.0,0.0,0.3333333333333333,0.6666666666666666,0.0,0.0,21.4,7.6,17.0,28.6,10.4,2.8,4.8,13.6,8.1,13.15,17.75
sens,2023,0.0,0.0,0.3333333333333333,0.6666666666666666,0.0,0.0,20.8,9.9,15.2,27.1,9.1,4.3,5.0,14.0,8.675,12.05,19.55
thonon-les-bains,2018,0.0,0.0,0.0,0.0,1.0,0.0,17.0,8.2,18.0,27.1,9.1,3.5,8.3,17.0,6.025,12.55,18.2
thonon-les-bains,2019,0.0,0.0,0.0,0.0,1.0,0.0,16.8,8.4,14.5,25.8,10.3,0.5,5.9,16.1,6.825,10.9,17.675
thonon-les-bains,2020,0.0,0.0,0.0,0.0,1.0,0.0,14.1,7.4,18.1,26.0,8.2,2.5,7.7,16.8,7.325,11.55,17.425
thonon-les-bains,2021,0.0,0.0,0.0,0.0,1.0,0.0,15.3,6.0,13.8,24.0,8.1,1.8,5.0,15.4,6.075,10.25,17.875
thonon-les-bains,2022,0.0,0.0,0.0,0.0,1.0,0.0,18.6,7.8,14.7,27.4,11.9,2.0,6.2,17.5,6.925000000000001,12.45,18.3
thonon-les-bains,2023,0.0,0.0,0.0,0.0,1.0,0.0,18.8,8.5,13.5,27.0,11.2,1.8,6.1,17.5,7.25,11.9,19.525
torpes,2019,0.0,0.0,0.0,1.0,0.0,0.0,17.7,9.3,,29.25,10.4,3.6,,14.7,8.775,15.35,19.6
torpes,2020,0.0,0.0,0.0,1.0,0.0,0.0,15.5,8.5,21.4,28.7,8.4,3.3,5.4,13.6,7.925,12.45,17.974999999999998
torpes,2021,0.0,0.0,0.0,1.0,0.0,0.0,17.2,7.2,16.3,24.8,6.0,1.5,2.3,14.1,6.425000000000001,10.15,17.450000000000003
torpes,2022,0.0,0.0,0.0,1.0,0.0,0.0,21.4,8.0,16.8,30.0,10.5,1.7,4.9,14.1,8.049999999999999,13.25,18.225
torpes,2023,0.0,0.0,0.0,1.0,0.0,0.0,21.2,9.0,15.9,27.9,8.9,2.9,5.2,15.2,7.674999999999999,12.35,19.65
trappes,2018,0.0,0.45454545454545453,0.5454545454545454,0.0,0.0,0.0,17.7,8.8,17.3,25.9,8.9,4.1,8.3,14.6,6.85,12.85,16.700000000000003
trappes,2019,0.0,0.45454545454545453,0.5454545454545454,0.0,0.0,0.0,15.9,9.0,15.5,25.5,10.0,2.1,5.6,14.4,7.125,11.6,16.725
trappes,2020,0.0,0.45454545454545453,0.5454545454545454,0.0,0.0,0.0,14.7,8.6,19.5,25.3,9.1,4.2,7.9,13.7,7.95,12.55,17.424999999999997
trappes,2021,0.0,0.45454545454545453,0.5454545454545454,0.0,0.0,0.0,16.3,8.9,13.7,23.2,7.5,3.2,3.3,13.9,6.325,9.95,17.4
trappes,2022,0.0,0.45454545454545453,0.5454545454545454,0.0,0.0,0.0,19.1,6.7,15.5,27.4,11.4,2.6,5.6,14.9,8.5,12.8,16.5
trappes,2023,0.0,0.45454545454545453,0.5454545454545454,0.0,0.0,0.0,18.8,9.5,14.2,24.7,10.2,3.4,5.6,14.8,8.175,11.85,19.3
valbonne,2018,0.0,0.0,1.0,0.0,0.0,0.0,21.5,14.2,18.4,28.7,14.8,8.0,11.8,20.3,10.575,16.2,21.425
valbonne,2019,0.0,0.0,1.0,0.0,0.0,0.0,21.6,15.1,17.4,29.3,14.8,7.2,9.7,21.1,11.25,13.85,21.75
valbonne,2020,0.0,0.0,1.0,0.0,0.0,0.0,19.0,13.6,18.1,28.2,11.7,7.6,11.0,20.1,11.075,14.45,20.625
valbonne,2021,0.0,0.0,1.0,0.0,0.0,0.0,20.6,13.9,16.1,28.3,13.5,6.9,9.0,19.5,10.925,14.25,21.625
valbonne,2022,0.0,0.0,1.0,0.0,0.0,0.0,23.2,13.8,17.6,30.4,16.1,7.1,10.0,22.0,10.625,16.35,22.05
valbonne,2023,0.0,0.0,1.0,0.0,0.0,0.0,24.1,13.4,19.3,31.0,16.6,6.8,10.5,21.8,12.375,16.35,22.75
versailles,2018,0.0,0.0,0.0,0.6666666666666666,0.3333333333333333,0.0,18.3,9.3,18.2,26.7,7.7,4.0,7.7,13.4,7.125,12.6,16.225
versailles,2019,0.0,0.0,0.0,0.6666666666666666,0.3333333333333333,0.0,16.6,9.5,16.3,26.1,9.7,1.5,4.6,13.0,7.2,11.45,16.45
versailles,2020,0.0,0.0,0.0,0.6666666666666666,0.3333333333333333,0.0,15.2,9.0,20.2,26.0,9.1,3.8,6.5,12.6,8.200000000000001,12.4,17.125
versailles,2021,0.0,0.0,0.0,0.6666666666666666,0.3333333333333333,0.0,16.9,9.4,14.4,24.0,6.6,2.7,2.2,13.2,6.4,9.7,17.099999999999998
versailles,2022,0.0,0.0,0.0,0.6666666666666666,0.3333333333333333,0.0,19.9,7.2,16.4,28.1,10.3,2.8,4.8,12.5,8.5,12.75,16.25
versailles,2023,0.0,0.0,0.0,0.6666666666666666,0.3333333333333333,0.0,19.3,10.0,14.7,25.5,9.6,3.5,5.3,13.9,8.45,11.65,19.125
villenave-d'ornon,2018,0.0,0.0,1.0,0.0,0.0,0.0,20.3,12.1,19.4,29.4,10.3,6.9,9.7,17.2,9.375,14.4,20.325000000000003
villenave-d'ornon,2019,0.0,0.0,1.0,0.0,0.0,0.0,21.0,12.7,18.2,28.8,12.4,4.3,8.0,16.5,9.475,13.85,19.675
villenave-d'ornon,2020,0.0,0.0,1.0,0.0,0.0,0.0,18.3,12.7,20.9,29.3,10.0,5.7,10.4,16.8,10.475,14.35,18.95
villenave-d'ornon,2021,0.0,0.0,1.0,0.0,0.0,0.0,20.5,12.9,18.7,25.9,9.1,4.7,7.4,15.7,9.775,13.45,20.0
villenave-d'ornon,2022,0.0,0.0,1.0,0.0,0.0,0.0,24.0,12.3,18.2,31.5,14.3,5.4,8.4,17.7,10.8,15.65,20.15
villenave-d'ornon,2023,0.0,0.0,1.0,0.0,0.0,0.0,23.5,12.1,18.9,28.2,12.3,4.5,8.9,17.0,10.65,15.35,21.675
vire normandie,2018,0.0,0.0,0.0,1.0,0.0,0.0,17.7,10.4,16.7,23.8,6.8,5.5,7.2,12.2,7.975,11.8,15.45
vire normandie,2019,0.0,0.0,0.0,1.0,0.0,0.0,16.0,10.4,15.5,24.3,9.8,2.1,4.6,12.0,7.6,10.8,15.45
vire normandie,2020,0.0,0.0,0.0,1.0,0.0,0.0,15.4,9.9,19.3,23.2,8.9,4.5,5.7,11.4,8.175,11.9,15.925
vire normandie,2021,0.0,0.0,0.0,1.0,0.0,0.0,17.3,9.7,14.0,22.6,8.0,3.4,1.4,11.8,7.05,9.55,16.325
vire normandie,2022,0.0,0.0,0.0,1.0,0.0,0.0,19.3,8.5,15.5,26.8,10.7,2.9,4.0,11.6,8.5,12.3,15.8
vire normandie,2023,0.0,0.0,0.0,1.0,0.0,0.0,19.0,10.6,14.7,22.9,9.3,3.7,5.8,13.2,8.9,11.5,17.825
